Workbook

Sheet Gurgaon Traffic violation data
A1: Date | B1: Location | C1: Vehicle_Type | D1: Violation_Type | E1: Fine_Amount (₹) | F1: Repeat_Offender | G1: Weather_Condition | H1: Time_of_Day | I1: Road_Condition | J1: Driver_Age_Group | K1: Passengers_Count | L1: Traffic_Density | M1: License_Status | N1: Accident_Involved | O1: Speed_Recorded (km/h) | P1: Vehicle_Registration_State | Q1: Officer_ID | R1: Previous_Violations | S1: Insurance_Penalty (₹) | T1: Fine_Payment_Status
A2: 45292 | B2: Sector 56 | C2: Bike | D2: No Helmet | E2: 1000 | F2: FALSE | G2: Stormy | H2: Morning | I2: Slippery | J2: 26-35 | K2: 0 | L2: Medium | M2: Suspended | N2: FALSE | O2: 103 | P2: Delhi | Q2: 7 | R2: 3 | S2: 2190 | T2: Unpaid
A3: 45292 | B3: Sikanderpur | C3: Truck | D3: No Seatbelt | E3: 1000 | F3: FALSE | G3: Foggy | H3: Night | I3: Wet | J3: 26-35 | K3: 2 | L3: Medium | M3: Valid | N3: TRUE | O3: 32 | P3: Delhi | Q3: 7 | R3: 2 | S3: 3386 | T3: Paid
A4: 45292 | B4: Sector 29 | C4: Bus | D4: No Seatbelt | E4: 1000 | F4: TRUE | G4: Rainy | H4: Afternoon | I4: Dry | J4: 50+ | K4: 5 | L4: High | M4: Suspended | N4: TRUE | O4: 120 | P4: Delhi | Q4: 9 | R4: 2 | S4: 3053 | T4: Paid
A5: 45292 | B5: NH-8 | C5: Auto-rickshaw | D5: Speeding | E5: 4050 | F5: FALSE | G5: Cloudy | H5: Night | I5: Dry | J5: 26-35 | K5: 2 | L5: Low | M5: Expired | N5: TRUE | O5: 72 | P5: Punjab | Q5: 2 | R5: 2 | S5: 3796 | T5: Paid
A6: 45292 | B6: Rajiv Chowk | C6: Bus | D6: Red-Light Jump | E6: 2548 | F6: FALSE | G6: Foggy | H6: Evening | I6: Wet | J6: 36-50 | K6: 4 | L6: Medium | M6: Suspended | N6: TRUE | O6: 79 | P6: Uttar Pradesh | Q6: 8 | R6: 1 | S6: 4831 | T6: Disputed
A7: 45292 | B7: Rajiv Chowk | C7: Auto-rickshaw | D7: DUI | E7: 9039 | F7: FALSE | G7: Stormy | H7: Evening | I7: Wet | J7: 26-35 | K7: 2 | L7: Low | M7: Suspended | N7: FALSE | O7: 18 | P7: Haryana | Q7: 10 | R7: 3 | S7: 2437 | T7: Disputed
A8: 45292 | B8: Sector 56 | C8: Truck | D8: Red-Light Jump | E8: 3653 | F8: FALSE | G8: Stormy | H8: Night | I8: Under Construction | J8: 26-35 | K8: 3 | L8: Medium | M8: Valid | N8: FALSE | O8: 117 | P8: Rajasthan | Q8: 10 | R8: 2 | S8: 573 | T8: Unpaid
A9: 45293 | B9: Huda City Center | C9: Auto-rickshaw | D9: Red-Light Jump | E9: 1717 | F9: FALSE | G9: Foggy | H9: Evening | I9: Wet | J9: 36-50 | K9: 5 | L9: High | M9: Learner | N9: TRUE | O9: 29 | P9: Rajasthan | Q9: 8 | R9: 3 | S9: 1070 | T9: Disputed
A10: 45293 | B10: IFFCO Chowk | C10: Bike | D10: No Helmet | E10: 1000 | F10: FALSE | G10: Rainy | H10: Afternoon | I10: Wet | J10: 50+ | K10: 2 | L10: High | M10: Suspended | N10: TRUE | O10: 11 | P10: Uttar Pradesh | Q10: 9 | R10: 3 | S10: 3939 | T10: Paid
A11: 45293 | B11: Manesar Toll | C11: Car | D11: No Seatbelt | E11: 1000 | F11: FALSE | G11: Cloudy | H11: Morning | I11: Wet | J11: 26-35 | K11: 5 | L11: Low | M11: Valid | N11: TRUE | O11: 94 | P11: Rajasthan | Q11: 1 | R11: 2 | S11: 4734 | T11: Disputed
A12: 45293 | B12: Huda City Center | C12: Bike | D12: Speeding | E12: 1522 | F12: TRUE | G12: Cloudy | H12: Morning | I12: Under Construction | J12: 18-25 | K12: 3 | L12: Medium | M12: Expired | N12: FALSE | O12: 86 | P12: Punjab | Q12: 7 | R12: 3 | S12: 4737 | T12: Paid
A13: 45294 | B13: Sohna Road near Iris Tech Park | C13: Truck | D13: Wrong-Side Driving | E13: 3040 | F13: TRUE | G13: Clear | H13: Evening | I13: Slippery | J13: 18-25 | K13: 4 | L13: Low | M13: Learner | N13: FALSE | O13: 88 | P13: Punjab | Q13: 4 | R13: 2 | S13: 764 | T13: Unpaid
... A949: 45654 | B949: Sector 56 | C949: Car | D949: Red-Light Jump | E949: 3218 | F949: FALSE | G949: Cloudy | H949: Afternoon | I949: Dry | J949: 26-35 | K949: 3 | L949: High | M949: Expired | N949: FALSE | O949: 55 | P949: Haryana | Q949: 2 | R949: 1 | S949: 3937 | T949: Disputed

Sheet Main Data
A1: Date | B1: Location | C1: Vehicle_Type | D1: Violation_Type | E1: Fine_Amount (₹) | F1: Repeat_Offender | G1: Weather_Condition | H1: Time_of_Day | I1: Road_Condition | J1: Driver_Age_Group | K1: Passengers_Count | L1: Traffic_Density | M1: License_Status | N1: Accident_Involved | O1: Speed_Recorded (km/h) | P1: Vehicle_Registration_State | Q1: Officer_ID | R1: Previous_Violations | S1: Insurance_Penalty (₹) | T1: Fine_Payment_Status | U1: Identify Outliers | V1: WeekDay
A2: 45292 | B2: Sector 56 | C2: Bike | D2: No Helmet | E2: 1000 | F2: FALSE | G2: Stormy | H2: Morning | I2: Slippery | J2: 26-35 | K2: 0 | L2: Medium | M2: Suspended | N2: FALSE | O2: 103 | P2: Delhi | Q2: 7 | R2: 3 | S2: 2190 | T2: Unpaid | U2: =IF(OR(E2<'Q1'!$E$13,E2>'Q1'!$E$14),"Outliers","Not an Outliers") -> Not an Outliers | V2: =IF(WEEKDAY(A2,2)>5,"Weekend","Weekday") -> Weekday
A3: 45292 | B3: Sikanderpur | C3: Truck | D3: No Seatbelt | E3: 1000 | F3: FALSE | G3: Foggy | H3: Night | I3: Wet | J3: 26-35 | K3: 2 | L3: Medium | M3: Valid | N3: TRUE | O3: 32 | P3: Delhi | Q3: 7 | R3: 2 | S3: 3386 | T3: Paid | U3: =IF(OR(E3<'Q1'!$E$13,E3>'Q1'!$E$14),"Outliers","Not an Outliers") -> Not an Outliers | V3: =IF(WEEKDAY(A3,2)>5,"Weekend","Weekday") -> Weekday
A4: 45292 | B4: Sector 29 | C4: Bus | D4: No Seatbelt | E4: 1000 | F4: TRUE | G4: Rainy | H4: Afternoon | I4: Dry | J4: 50+ | K4: 5 | L4: High | M4: Suspended | N4: TRUE | O4: 120 | P4: Delhi | Q4: 9 | R4: 2 | S4: 3053 | T4: Paid | U4: =IF(OR(E4<'Q1'!$E$13,E4>'Q1'!$E$14),"Outliers","Not an Outliers") -> Not an Outliers | V4: =IF(WEEKDAY(A4,2)>5,"Weekend","Weekday") -> Weekday
A5: 45292 | B5: NH-8 | C5: Auto-rickshaw | D5: Speeding | E5: 4050 | F5: FALSE | G5: Cloudy | H5: Night | I5: Dry | J5: 26-35 | K5: 2 | L5: Low | M5: Expired | N5: TRUE | O5: 72 | P5: Punjab | Q5: 2 | R5: 2 | S5: 3796 | T5: Paid | U5: =IF(OR(E5<'Q1'!$E$13,E5>'Q1'!$E$14),"Outliers","Not an Outliers") -> Not an Outliers | V5: =IF(WEEKDAY(A5,2)>5,"Weekend","Weekday") -> Weekday
A6: 45292 | B6: Rajiv Chowk | C6: Bus | D6: Red-Light Jump | E6: 2548 | F6: FALSE | G6: Foggy | H6: Evening | I6: Wet | J6: 36-50 | K6: 4 | L6: Medium | M6: Suspended | N6: TRUE | O6: 79 | P6: Uttar Pradesh | Q6: 8 | R6: 1 | S6: 4831 | T6: Disputed | U6: =IF(OR(E6<'Q1'!$E$13,E6>'Q1'!$E$14),"Outliers","Not an Outliers") -> Not an Outliers | V6: =IF(WEEKDAY(A6,2)>5,"Weekend","Weekday") -> Weekday
A7: 45292 | B7: Rajiv Chowk | C7: Auto-rickshaw | D7: DUI | E7: 9039 | F7: FALSE | G7: Stormy | H7: Evening | I7: Wet | J7: 26-35 | K7: 2 | L7: Low | M7: Suspended | N7: FALSE | O7: 18 | P7: Haryana | Q7: 10 | R7: 3 | S7: 2437 | T7: Disputed | U7: =IF(OR(E7<'Q1'!$E$13,E7>'Q1'!$E$14),"Outliers","Not an Outliers") -> Not an Outliers | V7: =IF(WEEKDAY(A7,2)>5,"Weekend","Weekday") -> Weekday
A8: 45292 | B8: Sector 56 | C8: Truck | D8: Red-Light Jump | E8: 3653 | F8: FALSE | G8: Stormy | H8: Night | I8: Under Construction | J8: 26-35 | K8: 3 | L8: Medium | M8: Valid | N8: FALSE | O8: 117 | P8: Rajasthan | Q8: 10 | R8: 2 | S8: 573 | T8: Unpaid | U8: =IF(OR(E8<'Q1'!$E$13,E8>'Q1'!$E$14),"Outliers","Not an Outliers") -> Not an Outliers | V8: =IF(WEEKDAY(A8,2)>5,"Weekend","Weekday") -> Weekday
A9: 45293 | B9: Huda City Center | C9: Auto-rickshaw | D9: Red-Light Jump | E9: 1717 | F9: FALSE | G9: Foggy | H9: Evening | I9: Wet | J9: 36-50 | K9: 5 | L9: High | M9: Learner | N9: TRUE | O9: 29 | P9: Rajasthan | Q9: 8 | R9: 3 | S9: 1070 | T9: Disputed | U9: =IF(OR(E9<'Q1'!$E$13,E9>'Q1'!$E$14),"Outliers","Not an Outliers") -> Not an Outliers | V9: =IF(WEEKDAY(A9,2)>5,"Weekend","Weekday") -> Weekday
A10: 45293 | B10: IFFCO Chowk | C10: Bike | D10: No Helmet | E10: 1000 | F10: FALSE | G10: Rainy | H10: Afternoon | I10: Wet | J10: 50+ | K10: 2 | L10: High | M10: Suspended | N10: TRUE | O10: 11 | P10: Uttar Pradesh | Q10: 9 | R10: 3 | S10: 3939 | T10: Paid | U10: =IF(OR(E10<'Q1'!$E$13,E10>'Q1'!$E$14),"Outliers","Not an Outliers") -> Not an Outliers | V10: =IF(WEEKDAY(A10,2)>5,"Weekend","Weekday") -> Weekday
A11: 45293 | B11: Manesar Toll | C11: Car | D11: No Seatbelt | E11: 1000 | F11: FALSE | G11: Cloudy | H11: Morning | I11: Wet | J11: 26-35 | K11: 5 | L11: Low | M11: Valid | N11: TRUE | O11: 94 | P11: Rajasthan | Q11: 1 | R11: 2 | S11: 4734 | T11: Disputed | U11: =IF(OR(E11<'Q1'!$E$13,E11>'Q1'!$E$14),"Outliers","Not an Outliers") -> Not an Outliers | V11: =IF(WEEKDAY(A11,2)>5,"Weekend","Weekday") -> Weekday
A12: 45293 | B12: Huda City Center | C12: Bike | D12: Speeding | E12: 1522 | F12: TRUE | G12: Cloudy | H12: Morning | I12: Under Construction | J12: 18-25 | K12: 3 | L12: Medium | M12: Expired | N12: FALSE | O12: 86 | P12: Punjab | Q12: 7 | R12: 3 | S12: 4737 | T12: Paid | U12: =IF(OR(E12<'Q1'!$E$13,E12>'Q1'!$E$14),"Outliers","Not an Outliers") -> Not an Outliers | V12: =IF(WEEKDAY(A12,2)>5,"Weekend","Weekday") -> Weekday
A13: 45294 | B13: Sohna Road near Iris Tech Park | C13: Truck | D13: Wrong-Side Driving | E13: 3040 | F13: TRUE | G13: Clear | H13: Evening | I13: Slippery | J13: 18-25 | K13: 4 | L13: Low | M13: Learner | N13: FALSE | O13: 88 | P13: Punjab | Q13: 4 | R13: 2 | S13: 764 | T13: Unpaid | U13: =IF(OR(E13<'Q1'!$E$13,E13>'Q1'!$E$14),"Outliers","Not an Outliers") -> Not an Outliers | V13: =IF(WEEKDAY(A13,2)>5,"Weekend","Weekday") -> Weekday
... A949: 45654 | B949: Sector 56 | C949: Car | D949: Red-Light Jump | E949: 3218 | F949: FALSE | G949: Cloudy | H949: Afternoon | I949: Dry | J949: 26-35 | K949: 3 | L949: High | M949: Expired | N949: FALSE | O949: 55 | P949: Haryana | Q949: 2 | R949: 1 | S949: 3937 | T949: Disputed | U949: =IF(OR(E949<'Q1'!$E$13,E949>'Q1'!$E$14),"Outliers","Not an Outliers") -> Not an Outliers | V949: =IF(WEEKDAY(A949,2)>5,"Weekend","Weekday") -> Weekend

Sheet Q1
C6: 0th | D6: =_xlfn.QUARTILE.INC('Main Data'!E924,0) -> 2415
C7: 1st Q | D7: =_xlfn.QUARTILE.INC('Main Data'!$E$2:$E$949,1) -> 1000
C8: 2nd Q | D8: =_xlfn.QUARTILE.INC('Main Data'!$E$2:$E$949,2) -> 3309.5
C9: 3rd Q | D9: =_xlfn.QUARTILE.INC('Main Data'!$E$1:$E$949,3) -> 5513.5
C10: Maximum | D10: =_xlfn.QUARTILE.INC('Main Data'!$E$1:$E$949,4) -> 43125
C12: IQR | D12: =D9-D7 -> 4513.5
C13: Lower Bound | E13: =D7 - ( 1.5 *D12) -> -5770.25
C14: Upper Bound | E14: =D9+(1.5*D12) -> 12283.75

Sheet Q2
A3: Row Labels | B3: Count of Violation_Type | C3: Average of Fine_Amount (₹)
A4: NH-8 | B4: 67 | C4: 5026.4478
A5: Udyog Vihar | B5: 65 | C5: 4362.1538
A6: Signature Tower Chowk | B6: 50 | C6: 4333.94
A7: Manesar Toll | B7: 65 | C7: 4158.1538
A8: Sheetala Mata Road | B8: 61 | C8: 4041.2623
A9: IFFCO Chowk | B9: 55 | C9: 3986.2545
A10: Golf Course Road | B10: 55 | C10: 3953.8364
A11: Cyber City | B11: 67 | C11: 3936.6567
A12: Huda City Center | B12: 65 | C12: 3832.0462
A13: Sikanderpur | B13: 87 | C13: 3622.3563
A14: Sector 29 | B14: 68 | C14: 3558.1912
A15: Rajiv Chowk | B15: 52 | C15: 3546.5769
... A19: Grand Total | B19: 948 | C19: 3898.5053
A22: Sikanderpur | B22: 87
A23: NH -8 has the high violation Area.

Sheet Q3
A3: Row Labels | B3: Count of Location | C3: Count of Violation_Type | D3: Average of Fine_Amount (₹)
A4: DUI | B4: 165 | C4: 165 | D4: 8218.4667
A5: Wrong-Side Driving | B5: 193 | C5: 193 | D5: 5204.285
A6: Red-Light Jump | B6: 177 | C6: 177 | D6: 3348.2034
A7: Speeding | B7: 162 | C7: 162 | D7: 2985.6605
A8: No Seatbelt | B8: 189 | C8: 189 | D8: 1042.328
A9: No Helmet | B9: 62 | C9: 62 | D9: 1000
A10: Grand Total | B10: 948 | C10: 948 | D10: 3898.5053
A13: DUI is most high risk violations

Sheet Q4
A3: Row Labels | B3: Count of Repeat_Offender | C3: Count of Repeat_Offender2
A4: Wrong-Side Driving | B4: 193 | C4: 0.2035865
A5: No Seatbelt | B5: 189 | C5: 0.19936709
A6: Red-Light Jump | B6: 177 | C6: 0.18670886
A7: DUI | B7: 165 | C7: 0.17405063
A8: Speeding | B8: 162 | C8: 0.17088608
A9: No Helmet | B9: 62 | C9: 0.065400844
A10: Grand Total | B10: 948 | C10: 1
A12: Wrong Side Driving violation types are most common among repeat offenders
A15: Count of Repeat_Offender | B15: Column Labels
A16: Row Labels | B16: Auto-rickshaw | C16: Bike | D16: Bus | E16: Car | F16: Truck | G16: Grand Total
A17: Sikanderpur | B17: 17 | C17: 19 | D17: 16 | E17: 17 | F17: 18 | G17: 87
A18: Sector 29 | B18: 10 | C18: 14 | D18: 22 | E18: 9 | F18: 13 | G18: 68
A19: Sohna Road near Iris Tech Park | B19: 12 | C19: 13 | D19: 14 | E19: 17 | F19: 11 | G19: 67
A20: Cyber City | B20: 10 | C20: 14 | D20: 14 | E20: 10 | F20: 19 | G20: 67
A21: NH-8 | B21: 14 | C21: 14 | D21: 15 | E21: 18 | F21: 6 | G21: 67
A22: Udyog Vihar | B22: 13 | C22: 11 | D22: 17 | E22: 8 | F22: 16 | G22: 65
A23: Manesar Toll | B23: 10 | C23: 10 | D23: 13 | E23: 15 | F23: 17 | G23: 65
A24: Huda City Center | B24: 15 | C24: 13 | D24: 10 | E24: 13 | F24: 14 | G24: 65
A25: Sector 56 | B25: 11 | C25: 12 | D25: 10 | E25: 17 | F25: 12 | G25: 62
A26: MG Road | B26: 18 | C26: 7 | D26: 11 | E26: 13 | F26: 13 | G26: 62
A27: Sheetala Mata Road | B27: 15 | C27: 11 | D27: 14 | E27: 13 | F27: 8 | G27: 61
A28: Golf Course Road | B28: 11 | C28: 10 | D28: 10 | E28: 14 | F28: 10 | G28: 55
... A32: Grand Total | B32: 173 | C32: 184 | D32: 202 | E32: 204 | F32: 185 | G32: 948
A34: Sikanderpur more prone to repeat offenses

Sheet Q5
A3: Sum of Fine_Amount (₹) | B3: Column Labels
A4: Row Labels | B4: Disputed | C4: Paid | D4: Unpaid | E4: Grand Total
A5: NH-8 | B5: 110277 | C5: 118852 | D5: 107643 | E5: 336772
A6: Udyog Vihar | B6: 57743 | C6: 111522 | D6: 114275 | E6: 283540
A7: Manesar Toll | B7: 93472 | C7: 109269 | D7: 67539 | E7: 270280
A8: Signature Tower Chowk | B8: 50966 | C8: 99805 | D8: 65926 | E8: 216697
A9: Huda City Center | B9: 63335 | C9: 86041 | D9: 99707 | E9: 249083
A10: Sohna Road near Iris Tech Park | B10: 72093 | C10: 85961 | D10: 76715 | E10: 234769
A11: Sector 29 | B11: 57206 | C11: 85861 | D11: 98890 | E11: 241957
A12: Sheetala Mata Road | B12: 86848 | C12: 85525 | D12: 74144 | E12: 246517
A13: IFFCO Chowk | B13: 66630 | C13: 78325 | D13: 74289 | E13: 219244
A14: Sikanderpur | B14: 129379 | C14: 76854 | D14: 108912 | E14: 315145
A15: Sector 56 | B15: 73772 | C15: 66177 | D15: 70947 | E15: 210896
A16: Cyber City | B16: 111756 | C16: 61854 | D16: 90146 | E16: 263756
... A20: Grand Total | B20: 1234907 | C20: 1229251 | D20: 1231625 | E20: 3695783
A27: Sum of Fine_Amount (₹) | B27: Column Labels
A28: Row Labels | B28: Disputed | C28: Paid | D28: Unpaid | E28: Grand Total
A29: DUI | B29: 496050 | C29: 370254 | D29: 489743 | E29: 1356047
A30: Wrong-Side Driving | B30: 313162 | C30: 361631 | D30: 329634 | E30: 1004427
A31: Red-Light Jump | B31: 197231 | C31: 200491 | D31: 194910 | E31: 592632
A32: Speeding | B32: 148464 | C32: 209875 | D32: 125338 | E32: 483677
A33: No Seatbelt | B33: 64000 | C33: 60000 | D33: 73000 | E33: 197000
A34: No Helmet | B34: 16000 | C34: 27000 | D34: 19000 | E34: 62000
A35: Grand Total | B35: 1234907 | C35: 1229251 | D35: 1231625 | E35: 3695783
A38: Row Labels | B38: Count of Repeat_Offender | C38: Sum of Fine_Amount (₹)
A39: NH-8 | B39: 67 | C39: 336772
A40: Sikanderpur | B40: 87 | C40: 315145
A41: Udyog Vihar | B41: 65 | C41: 283540
A42: Manesar Toll | B42: 65 | C42: 270280
A43: Cyber City | B43: 67 | C43: 263756
A44: Huda City Center | B44: 65 | C44: 249083
A45: Sheetala Mata Road | B45: 61 | C45: 246517
A46: Sector 29 | B46: 68 | C46: 241957
A47: Sohna Road near Iris Tech Park | B47: 67 | C47: 234769
A48: IFFCO Chowk | B48: 55 | C48: 219244
A49: Golf Course Road | B49: 55 | C49: 217461
A50: Signature Tower Chowk | B50: 50 | C50: 216697
... A54: Grand Total | B54: 948 | C54: 3695783

Sheet Q6
A3: Count of Violation_Type | B3: Column Labels
A4: Row Labels | B4: Afternoon | C4: Evening | D4: Morning | E4: Night | F4: Grand Total
A5: Wrong-Side Driving | B5: 46 | C5: 47 | D5: 57 | E5: 43 | F5: 193
A6: No Seatbelt | B6: 45 | C6: 39 | D6: 54 | E6: 51 | F6: 189
A7: Red-Light Jump | B7: 44 | C7: 47 | D7: 39 | E7: 47 | F7: 177
A8: DUI | B8: 32 | C8: 46 | D8: 37 | E8: 50 | F8: 165
A9: Speeding | B9: 42 | C9: 44 | D9: 37 | E9: 39 | F9: 162
A10: No Helmet | B10: 23 | C10: 20 | D10: 11 | E10: 8 | F10: 62
A11: Grand Total | B11: 232 | C11: 243 | D11: 235 | E11: 238 | F11: 948
A16: Count of Violation_Type | B16: Column Labels
A17: Row Labels | B17: Weekday | C17: Weekend | D17: Grand Total
A18: Wrong-Side Driving | B18: 138 | C18: 55 | D18: 193
A19: No Seatbelt | B19: 127 | C19: 62 | D19: 189
A20: Red-Light Jump | B20: 112 | C20: 65 | D20: 177
A21: DUI | B21: 120 | C21: 45 | D21: 165
A22: Speeding | B22: 108 | C22: 54 | D22: 162
A23: No Helmet | B23: 41 | C23: 21 | D23: 62
A24: Grand Total | B24: 646 | C24: 302 | D24: 948
A28: Count of Violation_Type | B28: Column Labels
A29: Row Labels | B29: Clear | C29: Cloudy | D29: Foggy | E29: Rainy | F29: Stormy | G29: Grand Total
A30: Wrong-Side Driving | B30: 35 | C30: 41 | D30: 34 | E30: 55 | F30: 28 | G30: 193
A31: No Seatbelt | B31: 28 | C31: 40 | D31: 37 | E31: 42 | F31: 42 | G31: 189
A32: Red-Light Jump | B32: 33 | C32: 34 | D32: 41 | E32: 31 | F32: 38 | G32: 177
A33: DUI | B33: 26 | C33: 33 | D33: 33 | E33: 37 | F33: 36 | G33: 165
A34: Speeding | B34: 33 | C34: 34 | D34: 26 | E34: 35 | F34: 34 | G34: 162
A35: No Helmet | B35: 8 | C35: 12 | D35: 14 | E35: 18 | F35: 10 | G35: 62
A36: Grand Total | B36: 163 | C36: 194 | D36: 185 | E36: 218 | F36: 188 | G36: 948
